"alpha100","alpha250","alpha500","alpha1000"
0.99999999,0.839349152141066,0.896586797830989,0.789453025469888
0.775208228752813,0.770739310017244,0.825334477846654,0.995372380963807
0.99999999,0.74514682012177,0.942790967503117,0.748764730899074
0.824681495390687,0.802679404783565,0.800672696148187,0.755159964336177
0.771671311493083,0.99999999,0.782017550902439,0.958678647921523
0.894986587309446,0.881735996127068,0.760192689371793,0.967187025875361
0.99999999,0.777631217018299,0.905541690741754,0.857190308131887
0.176425306443885,0.90518190213653,0.91325299249551,0.955802598006935
0.699398989219944,0.835160898294677,0.862024693317518,0.972829679001476
0.859177855147288,0.739286047724103,0.951976256040075,0.918717088375147
0.941838818732832,0.778424424546719,0.948148200441732,0.903557355193527
0.846622360953767,0.730344012943802,0.894219888309272,0.854034246762891
0.944914493551141,0.99999999,0.864979908319582,0.737512076211781
0.691148681530055,0.759499506229314,0.917602202676365,0.924381588627775
0.750151928966943,0.972720530500673,0.781326247509379,0.904472284642125
0.511960024217733,0.99999999,0.831030877786955,0.99999999
0.99999999,0.876318792164664,0.873831459333199,0.910415166973187
0.843596453397215,0.99999999,0.772455733172932,0.86464619598173
0.579885687452452,0.889937953066193,0.939202923802338,0.845791903094351
0.99999999,0.638572387386643,0.785103866602306,0.99999999
0.933821618457381,0.720237938860151,0.87393978139283,0.875377734350175
0.652677199032516,0.842842697508566,0.90836209204945,0.99999999
0.918686545808184,0.99999999,0.746432104510083,0.99999999
0.99999999,0.921706313160626,0.99999999,0.712016193542449
0.636295582629708,0.922214055584324,0.970481585344739,0.99999999
0.99999999,0.99999999,0.953724925556405,0.874542054338291
0.254258319936895,0.554488483774896,0.965549253276917,0.824067342231026
0.968944834512716,0.966028506564351,0.99999999,0.799931039459498
0.921501009523824,0.885655976488308,0.968936285641986,0.915951526161721
0.974060613809886,0.937882835481392,0.960207439601688,0.955495443200071
0.99999999,0.99999999,0.801312363347178,0.841525015027011
0.645791614115738,0.832782229672362,0.776136756454006,0.986201974180857
0.983981123326882,0.967292514921183,0.915366790601557,0.904581431665823
0.575388657290459,0.99999999,0.904845887062346,0.951104326773408
0.750989499919022,0.924913219955107,0.871235357790454,0.99999999
0.99999999,0.788664717515791,0.877501150441306,0.865850765550247
0.985421748941783,0.96267244478736,0.899858781555652,0.881384902615656
0.99999999,0.746952445593947,0.878222251391337,0.858520232425369
0.885617507708457,0.883465831579865,0.987440411530111,0.961075846172921
0.874662865527068,0.99999999,0.739040461971571,0.917793271550188
0.272681677553752,0.837567474623592,0.836258410498371,0.944141535482117
0.740361789451391,0.955165295191232,0.99999999,0.880970921561608
0.986950400257296,0.91734188655024,0.852374209783539,0.83535293027284
0.802207627567289,0.99999999,0.803527120805986,0.94149103560135
0.99999999,0.751090495389778,0.964633646009141,0.978164874895441
0.672041636749844,0.786965968171187,0.949354292885621,0.879900906544201
0.71848223596969,0.988924069377092,0.920157914140848,0.892037143109366
0.99999999,0.871922233867655,0.99999999,0.854034227690412
0.99999999,0.99999999,0.791926055929738,0.800113741333221
0.935609481553466,0.99999999,0.964974349990573,0.824024466234074
0.764195871807574,0.905884026573084,0.8854023007595,0.74111399658928
0.907942769065811,0.787709448768609,0.743692233927906,0.823875863697463
0.369872387017687,0.99999999,0.988572870743549,0.899298696822612
0.99999999,0.759817351666137,0.829761247497712,0.856174241054146
0.618117677953344,0.83400833016027,0.849142006724845,0.909213765559098
0.53346973475206,0.870324274273364,0.908450211078203,0.85790955540018
0.699912790189418,0.987687459078524,0.914000535912993,0.850367987899391
0.99999999,0.739946137628577,0.839063224442775,0.848894579027157
0.373436631384246,0.861224005450614,0.740384312846806,0.99999999
0.877270007541504,0.779973869882582,0.766355414002655,0.969329138403531
0.822718034370276,0.890029611467041,0.895630837093173,0.951210585395324
0.521536045535794,0.995583293483609,0.691803206004233,0.877419846058731
0.246654174675124,0.732560600226749,0.864983353957137,0.99999999
0.688820035678328,0.656800790701745,0.719598857246211,0.842441517128237
0.783189623813933,0.99999999,0.779030278151658,0.789708349531106
0.99999999,0.60563866940608,0.729212317858021,0.836463340304126
0.81366295086887,0.85956370457202,0.90357157179,0.881878256264234
0.504179756965991,0.827222243543202,0.926695592968996,0.829025339591784
0.824859833796545,0.985917765755122,0.997949504252768,0.811430963165126
0.844864271021244,0.82657197728853,0.957603137707451,0.864659442160289
0.99999999,0.99999999,0.835758851753142,0.881467903194417
0.739507598160231,0.932303473625297,0.869234827090429,0.920778940387097
0.858860564249174,0.873213344005903,0.855842809443595,0.918373937164022
0.676915249401099,0.707817736625769,0.83907698320389,0.846489978968185
0.965786691717177,0.839824442159038,0.947482772562883,0.935308587776141
0.99999999,0.918448469124995,0.887917524818688,0.99999999
0.814312200429371,0.99999999,0.795034385991866,0.932800168816632
0.783703424305838,0.99999999,0.99999999,0.895134327095818
0.806196178047909,0.804933728893783,0.626949347988053,0.90339285164389
0.495734750729322,0.780431389269053,0.774378844321741,0.875627345530027
0.908597258952895,0.864606748163647,0.99999999,0.962908346230968
0.322754972816438,0.628546533387062,0.796924333182686,0.873756117354013
0.549927493791562,0.99999999,0.924994599962135,0.94034422782167
0.646415360472473,0.99999999,0.765398264154457,0.902652064552058
0.929909876047293,0.99999999,0.87480250485396,0.985911583691396
0.921870049395242,0.958722469228832,0.957758484801695,0.87100088881233
0.99999999,0.965705413932363,0.957648978011605,0.929368741016052
0.985195248131317,0.869585234830093,0.857470269218154,0.788428226739912
0.687794383715906,0.839348438481727,0.8223308838959,0.899962066257573
0.729527393697117,0.99999999,0.981367495229027,0.806336569093183
0.795617547989977,0.816380398642,0.852719038507728,0.837270894661494
0.99999999,0.495523166622574,0.859767074337423,0.933342142178021
0.640217112081421,0.974918924019156,0.856053148135388,0.817905369060386
0.933480373736127,0.834675485539962,0.717781690280834,0.838035983477546
0.635979747500182,0.656895418891711,0.999089538846462,0.965316527974583
0.845146745037375,0.901213624093237,0.99999999,0.96370245493516
0.99999999,0.99999999,0.991785795559899,0.99999999
0.818401908825827,0.869949629293919,0.988880489649145,0.804364896375587
0.532575184293364,0.919509488276666,0.99999999,0.892492688803414
0.99999999,0.99999999,0.927097953020758,0.982464875547122
0.544977210990148,0.792107469473342,0.909383973767903,0.938035535602134
0.99999999,0.904080022686548,0.889002588934189,0.894561649310955
0.900802591619204,0.940880821259394,0.651155462492016,0.862632734909202
0.99999999,0.99999999,0.99999999,0.896081668841623
0.99999999,0.742034092654888,0.802779264388757,0.892103379413303
0.844175589835858,0.927851574413038,0.994634481866955,0.927339774091993
0.99999999,0.57677574500342,0.858865426215265,0.951220972706751
0.99999999,0.904533130970815,0.99999999,0.88435232304746
0.982922186363993,0.975763891356061,0.803150794690679,0.979957597465745
0.940277843482958,0.68581497737742,0.969863483296378,0.830764876343174
0.319131471294147,0.99999999,0.930859810480287,0.863685385464669
0.99999999,0.962243553194247,0.974582277183144,0.99999999
0.564598459936205,0.99999999,0.995140775864876,0.99999999
0.99999999,0.958468892893592,0.819829265184053,0.791433681837374
0.630664876933236,0.881465238418291,0.909147990782374,0.804121418286204
0.452497332881314,0.948591545851101,0.958414330908571,0.99999999
0.896716546526999,0.99999999,0.948998293700031,0.890329316532834
0.73174638362974,0.99999999,0.944440078918724,0.99999999
0.99999999,0.967584417063199,0.99999999,0.99999999
0.751321259621065,0.784733611988424,0.99999999,0.918633187464376
0.812427417233338,0.936254991551723,0.695002823198979,0.99999999
0.808195057675556,0.930230885273239,0.899961755512718,0.919170421613701
0.901027656257044,0.767870280240739,0.834511418980188,0.944767113160337
0.95255067959421,0.791307824351101,0.94088776757569,0.834846954256259
0.655765312424021,0.960579586008141,0.939506176524235,0.99999999
0.598615972184661,0.874355462063024,0.770365947185148,0.860720196926028
0.956115900044208,0.914725045155336,0.845401651888212,0.99999999
0.99999999,0.689126178761201,0.845181814313831,0.933640891994718
0.99999999,0.529296857090872,0.897441418030535,0.859761460516706
0.99999999,0.882307643304827,0.811708329851018,0.879056846945956
0.96670196926399,0.823658695700188,0.805571436451877,0.912012365188597
0.99999999,0.920401340517525,0.99999999,0.99999999
0.0874368293828613,0.677219589807614,0.985733803434225,0.946595593789526
0.722361705423712,0.880714749427572,0.89773259186669,0.99999999
0.626997000301462,0.754819460176633,0.855057979205144,0.955684305282223
0.98979982520537,0.820636356566593,0.99999999,0.99999999
0.984565647857387,0.854861673251439,0.814686318919938,0.833569449521689
0.384806804466279,0.73129324079783,0.906539096283628,0.976222915598523
0.535885640640692,0.736104818037064,0.854199006348253,0.85769853123352
0.99999999,0.867931894515107,0.850482336075156,0.747588038899535
0.99999999,0.809355286175007,0.967489840801895,0.99999999
0.99999999,0.806061998874481,0.869920779879815,0.940451500337767
0.52980993010117,0.972694682723503,0.837713232010329,0.914456902400075
0.99999999,0.809217095827506,0.986550540701687,0.886981112557599
0.269696968839328,0.791385477303337,0.99999999,0.945954120961676
0.785905936133242,0.825002176052545,0.703282199461995,0.808210981940817
0.99999999,0.71063069483435,0.99999999,0.821483917951722
0.668989843803363,0.793542402692886,0.833427768213075,0.824255259832808
0.99999999,0.873920959851244,0.949980431199495,0.986545106723445
0.624871679736661,0.666658314946222,0.84772709677735,0.911461047037451
0.814033863587999,0.99999999,0.665112388449062,0.969505619093513
0.756030271770803,0.765364386690261,0.978493927067018,0.91871009118514
0.719963766375521,0.824698641932303,0.853512337873319,0.925080142334709
0.77296963688808,0.868769724874438,0.87656815874782,0.967415504120815
0.99999999,0.875799536443037,0.833359394761592,0.96129978607728
0.693712789810534,0.92518881625397,0.90814258873184,0.997636244022544
0.99999999,0.99999999,0.974518503435081,0.790099269753889
0.817474630337504,0.921899231640846,0.650183399937247,0.828836698954299
0.400003087238904,0.99999999,0.818370988309843,0.908853702111873
0.929187875543184,0.99999999,0.870163587574728,0.749434090874368
0.92187134561397,0.99999999,0.835110660291114,0.839673005129175
0.99999999,0.938434857327541,0.99999999,0.901895005085103
0.99999999,0.842858872987843,0.893501882892575,0.798334075145424
0.99999999,0.99999999,0.767518469221688,0.731584708631898
0.802362603150116,0.780638558657721,0.758049493507486,0.99999999
0.942528198875548,0.99999999,0.957782739460117,0.855954967038303
0.654927760908741,0.861961818219782,0.836201221817296,0.852209121504028
0.515093410499149,0.691473807189095,0.975962511717634,0.815926180103961
0.574779405855177,0.920662767047863,0.960217829377027,0.991667970770989
0.804775919838369,0.645887989558716,0.775680930800898,0.994490826502554
0.560854278747593,0.99999999,0.99999999,0.822263063655196
0.913934311425048,0.933104810367068,0.848479627893751,0.953508063354636
0.317228942280186,0.81647483489801,0.941015385879639,0.967931911970144
0.558022246907469,0.627510313002555,0.623881302740446,0.942594565495279
0.99999999,0.99999999,0.991970191064978,0.874791087836943
0.741768554998287,0.937477824138752,0.888437576973994,0.834303800248607
0.99999999,0.782358422999234,0.965553251948824,0.869098721536277
0.795055344964182,0.99999999,0.99999999,0.920988521654462
0.988299284297549,0.99999999,0.997482562948852,0.787699247056253
0.99999999,0.766877296828209,0.99999999,0.929141534050786
0.933178331174066,0.688387935006033,0.99999999,0.835627701806281
0.983702601430199,0.687623031748388,0.99999999,0.818225836013607
0.897410789773068,0.696391809470648,0.659159945533716,0.936405716880032
0.99999999,0.738545101165691,0.929241988098766,0.843370356430269
0.761174798322316,0.827052608440305,0.967741565089213,0.912930960670831
0.859631977701924,0.952257510166646,0.673929724579395,0.847802012404579
0.99999999,0.99999999,0.906213858678129,0.926277664706396
0.544461295512336,0.99999999,0.99999999,0.930568989071958
0.99999999,0.814745749040057,0.99999999,0.968312406474887
0.921429028234806,0.957605087337914,0.975716570532139,0.991882533937052
0.99999999,0.887022999241039,0.99999999,0.73083118024629
0.612472946898867,0.99999999,0.949251853870156,0.95080593097819
0.801846761998757,0.908746608624738,0.6917303445132,0.818873792824846
0.99999999,0.99999999,0.695747712009714,0.808644437757762
0.700128239516567,0.868458774978518,0.89682011011212,0.913242191756838
0.749989566199963,0.782216670944571,0.73369708488943,0.913009255440788
0.99999999,0.99999999,0.789470607053184,0.77932171181032
0.878287625092903,0.850425436974054,0.747972868219395,0.850920367234602
0.99999999,0.605404457836528,0.880260980124489,0.845823886398192
0.782342668530579,0.99999999,0.87319295865402,0.813614404587617
0.783532292714499,0.659110021612961,0.819946235023307,0.853585866087268
0.99999999,0.938191927002515,0.948883524620921,0.93468178450017
0.618894790350815,0.809858060431599,0.895053160335509,0.918796266134069
0.529988642340108,0.99999999,0.977587683301348,0.99999999
0.990791396080425,0.866966702846485,0.845357744381936,0.834293511899327
0.832175678029663,0.99999999,0.961013051039631,0.772262380968125
0.961307653996722,0.938180964398739,0.901078228595759,0.847303565888969
0.99999999,0.963293669475609,0.881128504180286,0.842987347227533
0.926204594713607,0.99999999,0.896214348124093,0.941924295169622
0.945758535466547,0.939235525766801,0.872518529262631,0.910890750555084
0.885265284028227,0.99999999,0.99999999,0.849276147738299
0.916860676635559,0.692233503588207,0.7153453456138,0.995241540808229
0.675080219295767,0.713577001576052,0.909412200729136,0.851521666150182
0.782923015723678,0.781790732801324,0.874297602754642,0.956339831389261
0.982479792970016,0.981901515063397,0.806870425780275,0.99999999
0.99999999,0.95654753060358,0.99999999,0.863817033097318
0.967014081647659,0.99999999,0.986308990559797,0.876416522264314
0.99999999,0.750781312873894,0.866051397053098,0.877263490189687
0.686931162256837,0.99999999,0.850352470683561,0.851271417467555
0.773360104696042,0.833802924313557,0.89779510967234,0.848400375783463
0.816238255065799,0.855933864742234,0.817265510742619,0.906018227250614
0.99999999,0.99999999,0.694902922258641,0.981097008207758
0.555517287696839,0.770691771501728,0.971558212644749,0.836633202860012
0.99999999,0.992213039722404,0.720588023789664,0.914283879350321
0.565388083054078,0.789158981407521,0.877243264119713,0.831657866427541
0.826193348860345,0.975332550236537,0.916309242265028,0.744374759937969
0.970609043797177,0.69232194465675,0.908957308767077,0.877186569734463
0.958378262662579,0.970327191182482,0.947482839471263,0.92373742284494
0.753345870291848,0.890305631317692,0.960755877708456,0.868551606149746
0.286829121159588,0.937147446142552,0.764568190904684,0.930283940764835
0.480543958171511,0.887391834295583,0.973221215233267,0.958846497991505
0.756432219351082,0.964576021736834,0.863660865179669,0.768329441194235
0.921467699728181,0.588937602732043,0.99999999,0.813248658937418
0.984997877628189,0.807267018254786,0.834529249771499,0.796835059221413
0.713681632872572,0.822851504258566,0.892038354981583,0.96929666974706
0.86531464122812,0.99999999,0.870112737795699,0.810954932923554
0.451955837413568,0.704334177235249,0.742271686082849,0.930235313561083
0.99999999,0.99999999,0.882139782894412,0.93305361862205
0.790917620470713,0.903513098154076,0.99999999,0.848909335759577
0.99999999,0.99999999,0.735838697250543,0.751185159169324
0.994832080414559,0.915810307045561,0.880185855498779,0.786857839640245
0.832140371329337,0.969696453185603,0.911028689131865,0.895630829465906
0.679533006516121,0.732619181800574,0.887295035625559,0.87515683170389
0.65100740528483,0.795326825495698,0.913378089208716,0.747054567869774
0.933886638866722,0.668564092388304,0.857448925074734,0.853676960879002
0.454902436163037,0.799361171236291,0.968206386008432,0.910553775672404
0.0756585910524677,0.846291459670527,0.876972943112745,0.99999999
0.98990712888716,0.813891619104626,0.953244927597351,0.849199471015543
0.750456724339206,0.99999999,0.920491861240556,0.869359667889737
0.50568912525193,0.959807896108167,0.99999999,0.833713025945511
0.99999999,0.99999999,0.905908615256354,0.99999999
0.99999999,0.776172669406204,0.990495368286938,0.877629005199592
0.727134237484156,0.99999999,0.897028681349098,0.816222420139535
0.99999999,0.985020030861131,0.705518245636188,0.899468188824573
0.493285757327512,0.84010404208417,0.99999999,0.904851116307976
0.998753106904137,0.863480499252226,0.795200821686252,0.99999999
0.420867241566334,0.759603220459274,0.99999999,0.895236485741005
0.898456811232481,0.982779922523877,0.898163368090486,0.99999999
0.794428665740305,0.99999999,0.830871126402615,0.94543814967695
0.99999999,0.849746154892292,0.874494390292746,0.865112070627019
0.932772424580274,0.830704643992076,0.99999999,0.811519591500961
0.928023888224558,0.852009997061427,0.769958185309342,0.806980624440893
0.803952520835162,0.699446164015599,0.750627002241565,0.971278632566712
0.99999999,0.721178844434909,0.99999999,0.972468543372301
0.620760073096421,0.667642776119775,0.865523686892264,0.95490265167772
0.990816044790129,0.99999999,0.969259051485374,0.885635429228716
0.99999999,0.99999999,0.99999999,0.952908868941916
0.932460345179827,0.99999999,0.774973901480698,0.99999999
0.813476308327102,0.799902826001097,0.65129305830341,0.91956447370517
0.942389255718636,0.99999999,0.99999999,0.786332377643979
0.99999999,0.561530502400634,0.828621704608753,0.933029169964082
0.99999999,0.98677608248024,0.910109031420516,0.997204571205696
0.954614267850093,0.729705800975355,0.99999999,0.895762702807488
0.702184908695309,0.97475176647519,0.946137585110254,0.864178115022666
0.99999999,0.922973871117691,0.850924377557043,0.833167436633286
0.655239994310124,0.86367234926481,0.984903931073662,0.835504060582079
0.674509557285934,0.896073549603114,0.99999999,0.99999999
0.706406652675794,0.694229458876739,0.858382589431756,0.99999999
0.722519210451158,0.861714340808686,0.857007886966924,0.913374284483036
0.930290775086876,0.668599309333616,0.99999999,0.855535912711143
0.845159177370007,0.915728338440734,0.755976065766913,0.927106022249049
0.99999999,0.99999999,0.890283599137836,0.894300223128739
0.609696800808749,0.687836300764834,0.83025284137888,0.77777528316281
0.971487277505652,0.869200325975975,0.99999999,0.910734077286959
0.995432868268283,0.849812666818361,0.793173709247862,0.680149433343488
0.739430464361591,0.683323161510109,0.867678271492203,0.99999999
0.99999999,0.917602156492572,0.732887860987955,0.943622734255367
0.99999999,0.99999999,0.934352022874026,0.873038293513107
0.977047068170145,0.691248810714248,0.813052450667411,0.92143701371793
0.842963483223766,0.936403291790942,0.99999999,0.800652671360934
0.882945337378927,0.99999999,0.956213666843663,0.906330502745424
0.343862198423203,0.952248840379824,0.817380676069432,0.987227781392364
0.99999999,0.99999999,0.99999999,0.916702518537302
0.818253968131876,0.83954029335861,0.99999999,0.959304953951862
0.812099971418856,0.73030881893273,0.884217232002627,0.804739058711117
0.769868845907102,0.631472469810502,0.946669531585923,0.894348045038273
0.99999999,0.801984209508349,0.805729921542112,0.790504915750084
0.929901670705177,0.868495218420509,0.99999999,0.923397690415405
0.99999999,0.99999999,0.909250818625936,0.891179688316874
0.99999999,0.99999999,0.850240131965263,0.909179607958484
0.99999999,0.99999999,0.863808736752476,0.917990128123722
0.707092223766537,0.822514300714125,0.710957364646093,0.911031762694109
0.596749651561973,0.99999999,0.606628410497595,0.99999999
0.705240095219377,0.946355112744956,0.914513094600482,0.767359373688578
0.793354739768138,0.858867291336803,0.923351998467843,0.806802596112703
0.99999999,0.933277888456824,0.730639685289748,0.882455415414687
0.746169641026337,0.575913507187161,0.99999999,0.945389679948383
0.99999999,0.882736544278171,0.68990742271046,0.90885963788032
0.99999999,0.617129943986411,0.937270108000959,0.976083889913297
0.824284366265667,0.81845807505508,0.881662802005768,0.790766338020533
0.997181701814144,0.867477710393126,0.838001572366091,0.994665004277681
0.697201167565173,0.880396374105236,0.903371115521718,0.934527309190158
0.99999999,0.796194189661399,0.891970068004552,0.859723334685402
0.99999999,0.948568507755775,0.99999999,0.924000168533079
0.844831113459962,0.804190690259974,0.99999999,0.935768527046953
0.997528773373068,0.845846665881036,0.948747947049824,0.917614924099597
0.99999999,0.99999999,0.971123995020717,0.938047290941408
0.808900640133469,0.99999999,0.99999999,0.844658840986952
0.936164839410339,0.924768508160522,0.932196002003501,0.998320453415264
0.962887769024318,0.99999999,0.808070481176802,0.767715169695275
0.971920546426351,0.602633236328887,0.916381478049003,0.845019696465551
0.728540178779982,0.99999999,0.931572040570277,0.919973602052198
0.950213073386765,0.895470745652997,0.99999999,0.896309563621426
0.69615260416553,0.94799229355101,0.930679668268978,0.927508671598104
0.754582469574075,0.829101980976904,0.957890257031158,0.883684221848638
0.99999999,0.727003752350727,0.688888039290627,0.885364345062926
0.99999999,0.7298755385214,0.885776280489769,0.865139248588856
0.990240412136759,0.99999999,0.99999999,0.99999999
0.615085740817206,0.913137357308109,0.99999999,0.94103499096043
0.898383554364949,0.88488296347891,0.892878331140808,0.831174676146068
0.64835799762366,0.99999999,0.93720873609653,0.954914004319334
0.708138911438969,0.802017398382386,0.901969067129293,0.913007469625004
0.605291776826154,0.839592744774926,0.842689059319963,0.835681868674215
0.518969955822028,0.906509724555789,0.72656716519707,0.877789532252192
0.634383518532479,0.690453624290075,0.947081776295859,0.943745691217624
0.756842828810545,0.889619812260966,0.931699737176043,0.920598806486168
0.99999999,0.99999999,0.930716631839975,0.675924793004734
0.99999999,0.633685380984485,0.847696730463963,0.860714977923575
0.472605255089813,0.99999999,0.779155863218536,0.902845353849571
0.695935091112568,0.854979011163713,0.881220532855283,0.957134005962952
0.588638534600924,0.99999999,0.901765427570381,0.808147889786854
0.99999999,0.478037024664292,0.874598282487246,0.99999999
0.60698047549312,0.788657817192943,0.712450171697552,0.763055037896024
0.745854827936918,0.938274606247224,0.926017557073682,0.99999999
0.99999999,0.701856788221542,0.872055509983006,0.926066765334054
0.829136672583547,0.875687155770643,0.927142954203218,0.99999999
0.99999999,0.642923250423292,0.904129028653267,0.799012780824123
0.99999999,0.823091325120137,0.91664536226338,0.904608044937441
0.76826054522508,0.942400767796824,0.972917404594169,0.92775289107305
0.99999999,0.759666934504363,0.858576401629944,0.901163013593847
0.684150657743891,0.691236841829981,0.99999999,0.765371044912458
0.99999999,0.99999999,0.960144743957592,0.881249198165889
0.99999999,0.637110738175753,0.99999999,0.855800964486225
0.532117521433187,0.58217618499603,0.839638867948215,0.99999999
0.961898444574537,0.816832217445492,0.63814389930062,0.857469636106794
0.99999999,0.99999999,0.8399645205701,0.800208294586294
0.555077786220833,0.77951623795813,0.708885431860841,0.872535341294223
0.99999999,0.99999999,0.672784816416947,0.980556884389258
0.962218846033777,0.630370189788172,0.99999999,0.893001592661207
0.945801094185076,0.67929396224282,0.630884104105088,0.960936895495169
0.712707699414867,0.822089548867919,0.92706886760707,0.921178579851378
0.906881031021294,0.856805811519986,0.936426267994179,0.910423935805305
0.956403523385947,0.861470350926625,0.924914488711357,0.863851297411563
0.908720846224574,0.85881519821956,0.99999999,0.830107228184473
0.99567402268501,0.880434192179342,0.99999999,0.984202601467218
0.410967550547053,0.980128307219645,0.737703323616419,0.783782853089492
0.99999999,0.887456151746291,0.788429874562079,0.799118682830617
0.664228615281256,0.581724173981658,0.999659349829009,0.888153453506345
0.99999999,0.99999999,0.885770948581813,0.842920138826772
0.99999999,0.99999999,0.842024766431202,0.835602572124832
0.99999999,0.510912358717066,0.648902992183148,0.926141419853531
0.742070213651371,0.557376219512021,0.762098149962987,0.902242443132867
0.81845397138064,0.841242438423498,0.99999999,0.927192957140719
0.99999999,0.738189490080066,0.729709866584174,0.945742631198673
0.691204418269662,0.919564543177683,0.956812521958516,0.844211608667634
0.907682306711342,0.658147058188298,0.946242251104281,0.95281285183699
0.99999999,0.885737918520484,0.972288502647901,0.979886950273885
0.99999999,0.586098433031823,0.856370673090933,0.925443974523363
0.741113246906083,0.88404161606172,0.933115680387044,0.99999999
0.886220293849765,0.949952331553306,0.879142966341568,0.956150468724609
0.899429028321559,0.792463037213256,0.998027806088149,0.917197998158647
0.99999999,0.907704559064393,0.730380861494245,0.99999999
0.691823688109267,0.93731996172762,0.965568943718903,0.957957071336251
0.945272340430526,0.766179540256019,0.978601133288501,0.844957467156042
0.99999999,0.99999999,0.834373815963084,0.892541594431722
0.845180911455037,0.99999999,0.800484863525837,0.853943159010302
0.923850873612185,0.99999999,0.745488824385367,0.891539326810274
0.880854925776979,0.99999999,0.650463681759435,0.701852732398783
0.82118203207838,0.895211425769864,0.99999999,0.877983800953106
0.820469739716568,0.783251402914186,0.712184582514928,0.896954506748378
0.388027664942239,0.99999999,0.899336089910817,0.949697628619195
0.954347481382662,0.99999999,0.792657340115,0.879523548165669
0.992285035224672,0.52915416903819,0.88222193922063,0.887305448387065
0.457205396447885,0.628150384095622,0.99999999,0.858098262138312
0.99999999,0.99999999,0.99999999,0.812494013229248
0.779658999746712,0.848786954745812,0.92561464272666,0.945768805384407
0.99999999,0.694354973759085,0.832288114056272,0.917386071333652
0.935787655996881,0.99999999,0.75612232091807,0.90755019892063
0.99999999,0.879280884188497,0.99999999,0.834195663819368
0.99999999,0.870849438499369,0.900677285340084,0.816994516999601
0.200244235840929,0.767922041426521,0.99999999,0.906953150042455
0.99999999,0.889451834237105,0.99999999,0.801473531171652
0.57526944289395,0.987828020496181,0.73719673727713,0.873933583255879
0.70502633495991,0.898231579373946,0.807119851644138,0.927446323643598
0.906903333843912,0.99999999,0.964565935210066,0.969829414648234
0.651360629680205,0.99999999,0.768331552375792,0.750461321362609
0.99999999,0.868054352248553,0.987559664123404,0.864203451723077
0.542576766708663,0.99999999,0.919892475367748,0.835671209959828
0.99999999,0.888014504098942,0.811201205340532,0.954776142393394
0.99999999,0.90668866577199,0.780211133340895,0.910052386488898
0.904156186083039,0.789042748983864,0.92048128197567,0.924605103674837
0.654150703992746,0.860208556751437,0.890940937669465,0.781019157613868
0.797349086195012,0.868429639201356,0.770775334027993,0.997666235546436
0.881540245962331,0.628150089756274,0.804230900914622,0.919562688980983
0.736687512006805,0.607984391672192,0.743102790769311,0.796022884360406
0.955594794004145,0.706062544895819,0.898733548566621,0.892875500138267
0.99999999,0.808937210314235,0.861897980648583,0.99999999
0.718649626461689,0.649303311070466,0.99999999,0.781946180800365
0.99999999,0.722092319626156,0.849927272393384,0.923476077335592
0.855392783594337,0.872485440401557,0.727175534931668,0.846150255874902
0.800180437482146,0.980036975773409,0.9873269301273,0.847697488097737
0.981543682756665,0.99999999,0.970942451021905,0.976139878315991
0.99999999,0.99999999,0.918114181883483,0.850446844371708
0.669800437610736,0.79314016594985,0.795412913292887,0.859628855200144
0.99999999,0.930994846246855,0.815683473438618,0.874224210782091
0.828465963413284,0.795946121947765,0.850678921355695,0.920563417060529
0.761856528377293,0.99999999,0.86297332475544,0.871393500075486
0.99999999,0.882864182573537,0.99999999,0.834240676060424
0.640705973791254,0.744036495513187,0.912868162065937,0.99999999
0.753653877522288,0.660000912796525,0.99999999,0.838784939152277
0.99999999,0.742287408290784,0.880664621016562,0.755542270629333
0.500435416144255,0.442305482599709,0.810374565218165,0.941137862889285
0.633982073681498,0.913539771084341,0.937980988157075,0.884754678407878
0.673539398341576,0.99999999,0.941198719870796,0.780501897504403
0.785698172632384,0.699656022339477,0.937766054227987,0.921766332346699
0.99999999,0.592087090550536,0.913030952025647,0.895127726276868
0.99999999,0.792124275283308,0.837102737160217,0.856112184384609
0.99999999,0.966287560146382,0.99999999,0.965467152292793
0.99999999,0.679339899697121,0.959209956317952,0.931272531142726
0.817982846719185,0.987187043724146,0.9629243441786,0.918068866952318
0.473533257670965,0.959561218930575,0.961998410812299,0.909649770017488
0.610772003322438,0.792574732586576,0.878971778616135,0.959121692053862
0.99999999,0.920145122527614,0.937098955800685,0.865486316282737
0.99999999,0.505768935341366,0.864797807099452,0.943678693852149
0.685588367991286,0.906467175573133,0.883883100465262,0.99999999
0.723487507248987,0.694306632148344,0.882601033983642,0.892958407545054
0.898845832992571,0.737225740559891,0.977565161307448,0.977609220323511
0.99999999,0.99999999,0.907847375303539,0.845027842925345
0.520423089229249,0.86036283277173,0.667518385829171,0.834343648983258
0.154641975982882,0.851996167962777,0.933103264288822,0.951697890310934
0.736016951988264,0.465001410605883,0.85168892846309,0.853606602259681
0.807224555095103,0.863943986497797,0.922932424226205,0.91503356296918
0.779648936363873,0.99999999,0.99999999,0.834648505886374
0.526881466657426,0.926250183071338,0.767834286229609,0.851906293808461
0.578845071628203,0.953753812739189,0.963826697854004,0.998812132173699
0.434798570245918,0.884090058909655,0.812167206996799,0.775336503477846
0.899543580519465,0.958509622389195,0.99999999,0.99999999
0.944083377788522,0.99999999,0.878576858523053,0.810025664283387
0.857956739949557,0.924253026875193,0.99999999,0.979024144331939
0.733451762667263,0.904185202895789,0.680928035653276,0.974021173123012
0.99999999,0.977147050076039,0.904031790497286,0.882459799607384
0.723275675746548,0.99999999,0.85497971012607,0.976690681114657
0.180394221620611,0.99006853582945,0.946972256548186,0.843307688209904
0.99999999,0.890369911290173,0.838593813406672,0.800428953621903
0.651300129403177,0.854908573910602,0.909327204170417,0.99999999
0.99999999,0.946191516580774,0.875754376243034,0.868687893002727
0.617466911466044,0.655036484062818,0.880891644766027,0.825690256912347
0.99999999,0.99999999,0.964489693650007,0.815426672472755
0.99999999,0.99999999,0.883919657451394,0.941836872927313
0.985932109918444,0.877234060775541,0.955721197754397,0.99999999
0.936705721363803,0.99999999,0.798446359322146,0.924139770057495
0.886392982970517,0.948930133301712,0.702091919659834,0.99999999
0.847837768330366,0.993584546630453,0.838886640029493,0.735647282923596
0.99999999,0.991999087623814,0.99999999,0.831005295799856
0.660534672641609,0.98499006625486,0.922885490395504,0.73989383037795
0.851278991851753,0.99999999,0.752791508536552,0.860021708732266
0.99999999,0.714532773542748,0.99999999,0.89908008967156
0.99999999,0.948469942836144,0.896342228102462,0.875123272591373
0.494034223040104,0.775491750925626,0.836536857052865,0.916764766343851
0.300372675434346,0.99999999,0.77220519058373,0.93364618980857
0.707468345661696,0.886186275906406,0.99999999,0.882589632709447
0.674032082458748,0.875027365655719,0.826768848776393,0.905134977663194
0.99999999,0.633742359948575,0.9895598911668,0.773977118563924
0.99999999,0.943539213705876,0.99999999,0.884437992751581
0.932051959032641,0.91209605230786,0.904524247104945,0.99999999
0.99999999,0.813394748833587,0.990053238242219,0.99999999
0.99999999,0.99999999,0.92889510138522,0.892526831429296
0.677225857119675,0.99999999,0.99999999,0.806432837414023
0.658038594813868,0.99999999,0.990580080396388,0.99999999
0.99999999,0.936850129418485,0.99999999,0.991415020300265
0.991273343606091,0.988929944367316,0.95696071487871,0.930030327298224
0.99999999,0.687901890129537,0.99999999,0.885300492329911
0.99999999,0.99999999,0.917098290362609,0.90756620723516
0.731921054766634,0.759074805171758,0.973682838181153,0.991859293712373
0.99999999,0.684035253810495,0.640481306728813,0.99999999
0.211859068512405,0.966858003915937,0.963717362805365,0.705716674831731
0.99999999,0.99999999,0.887410203608435,0.723204638998422
0.878978098521571,0.99999999,0.9525139026377,0.892986427776881
0.794098329587177,0.598577133953806,0.731399745021769,0.891126416291471
0.923435422910324,0.854948837047573,0.866634996997731,0.99999999
0.943358474760819,0.792004226277868,0.871088077618077,0.928323736610008
0.99999999,0.865500838666501,0.890204536982911,0.99999999
0.849186092094409,0.99999999,0.953635269106028,0.855924954882832
0.823345710596896,0.72222644640691,0.841259069351111,0.902783161360262
0.720626484668687,0.871746582300088,0.86294801632369,0.987294773675097
0.752955728684162,0.957770758606314,0.880301844794217,0.900435194944461
0.809884573540738,0.898880596376795,0.905211770697929,0.731239276011271
0.96962265425036,0.803058530544813,0.99999999,0.970029403660529
0.734870862933556,0.99999999,0.751999834717989,0.875462580559156
0.664001325841688,0.99999999,0.894359411426666,0.897142245780737
0.675939362821445,0.692476735601225,0.99999999,0.843865992065284
0.987246298193492,0.99999999,0.586455844899909,0.809883479446044
0.99999999,0.99999999,0.990469102128562,0.861362384815711
0.693276037328069,0.869530132586603,0.922604619074549,0.907361628968001
0.99999999,0.884082225551104,0.887824347270934,0.861219979095387
0.843093711016821,0.844939168315389,0.79822564381792,0.946952002778893
0.941724287738272,0.767190226644929,0.846948133520278,0.998079073229556
0.99999999,0.553244822525519,0.952322161247294,0.927609111833587
0.599148435529731,0.883366216667896,0.76884446294546,0.947547359350822
0.671070964824886,0.772013984033871,0.978702998455051,0.99999999
0.631368600308536,0.899431266733596,0.766601998994601,0.936041944089295
0.99999999,0.951882979697928,0.913257091205684,0.913100606001639
0.99999999,0.872596038083789,0.880064047558949,0.924556985555359
0.845257743100759,0.805443611177825,0.845734984545702,0.857115506169473
0.790545392256318,0.99999999,0.689355466753018,0.928546992571935
0.873734406991017,0.902660481821618,0.750774018648288,0.856660594428728
0.808199263001097,0.99999999,0.892888196518859,0.948879040392028
0.238401672479858,0.456044988032169,0.776628029657617,0.905504510687944
0.99999999,0.78261433913373,0.99999999,0.927884265934631
0.99999999,0.99999999,0.844501634107627,0.836752683278929
0.734014243660666,0.961433777990402,0.878158458527289,0.872890013347045
0.99999999,0.957976442852579,0.632559223705534,0.824631107881348
0.820614970435495,0.784802326351737,0.841932589940394,0.99999999
0.746240401981664,0.841392443174145,0.99999999,0.838812811341835
0.471556518863544,0.835076255411413,0.984275434689086,0.893605259946747
0.99999999,0.359096849178379,0.931483086894182,0.821288992665392
0.834389417102283,0.435462937715723,0.790753452351988,0.947713505155656
0.967255089656317,0.993142771826965,0.692716727949446,0.823754901548406
0.99999999,0.99999999,0.934552562350777,0.99999999
0.719501435511987,0.841677046651525,0.850239560208204,0.844945900620943
0.741909706850899,0.81576086680077,0.99999999,0.948032066593635
0.748541307711665,0.99999999,0.865024949183339,0.960534813232819
0.99999999,0.866116009934838,0.755433376950789,0.905340159249734
0.99999999,0.99999999,0.90136137206488,0.892721291113792
0.732892102501466,0.76417172009875,0.99999999,0.845101970400038
0.541886891826768,0.99999999,0.99999999,0.948057481311123
0.99999999,0.653706676584621,0.991621086212556,0.882210931057652
0.752841498134306,0.879914010896806,0.67437285909431,0.870361014334289
0.916756306354251,0.83579898096264,0.707792686817176,0.986297665519068
0.99999999,0.862231575161496,0.534788972326701,0.899022744423984
0.99999999,0.99999999,0.827031533239685,0.97636301884106
0.99999999,0.725034797473999,0.99999999,0.975605518081142
0.56503499836252,0.90622481311992,0.819457114871708,0.797822109938083
0.716604404123489,0.799306018591831,0.889142443189227,0.883880551316966
0.749356397946851,0.99999999,0.816362973956823,0.910104378868227
0.796111124988775,0.82356341555569,0.698771953555252,0.895222940316738
0.907694576474907,0.807263794330053,0.99078291492709,0.915022630279695
0.957483643904077,0.99999999,0.99999999,0.975663346174445
0.636423717548241,0.933609662340184,0.99999999,0.963725673934349
0.99999999,0.997202399811965,0.699111600289379,0.885978450860674
0.879122471568287,0.99999999,0.758843492119306,0.863189174636384
0.977860679146675,0.932785308324836,0.918500741388702,0.99999999
0.99999999,0.927551132216337,0.976056491702307,0.807017435859491
0.486040013014803,0.742151940264746,0.99999999,0.885040211207029
0.624448527263618,0.99999999,0.749397930163545,0.986364581496472
0.99999999,0.99999999,0.869760756113823,0.84704367592976
0.945817130159789,0.858080801374555,0.743285622851318,0.982299798079708
0.99999999,0.800346902691915,0.869229984903031,0.782304924010973
0.848482351803806,0.947606847427523,0.746769346058393,0.831560688335552
0.423460467320925,0.812305071903862,0.76251686238461,0.915085212451185
0.892264523606323,0.978635777572389,0.90321697870464,0.971730341485876
0.720049378891127,0.925282565194815,0.749102994541416,0.813376195365433
0.905774992630613,0.925144180626967,0.882951038331627,0.894166902094758
0.663502619711718,0.99999999,0.871110401005779,0.810357695660439
0.509486267932553,0.99999999,0.7523449193269,0.844883661753475
0.716147834180364,0.99999999,0.871857704161298,0.946252101152858
0.455889226379235,0.994507765539891,0.99999999,0.968657025943469
0.846734934725891,0.99999999,0.662084110954411,0.939309677130663
0.958040548865024,0.877089793232414,0.776020034960633,0.925013768557898
0.547820464507061,0.99999999,0.94168199347144,0.880089500767154
0.824048288157099,0.656802844291637,0.857661334254222,0.924687825034385
0.361769978187425,0.799165127731431,0.784309699852044,0.726352171036399
0.944235854470878,0.99999999,0.783747780142851,0.99999999
0.99999999,0.99999999,0.950710970261894,0.952098807710353
0.714223298585703,0.784357074455483,0.787200857172139,0.895778787608009
0.622957272988108,0.570339432894156,0.9751043126204,0.853250275317524
0.99999999,0.99999999,0.887313869974398,0.952567169922971
0.861607469125244,0.99999999,0.99999999,0.896906032578113
0.453794962938667,0.99999999,0.885231477759675,0.987110266742266
0.874522175293882,0.890390118143062,0.99999999,0.99999999
0.891522449919444,0.81890491436207,0.94981102994585,0.916714202245315
0.99999999,0.99999999,0.99999999,0.806822561887277
0.760199496555846,0.89842369882837,0.99999999,0.874721125141537
0.835168789482933,0.896039636103194,0.893369206124665,0.87760919932864
0.794655224745155,0.739077758181799,0.99999999,0.873497460669428
0.833020247099096,0.950758106029853,0.744352195160606,0.856681158805775
0.720850028453524,0.930650632086843,0.942210702125151,0.897196123099771
0.793032463216281,0.99999999,0.919123031223564,0.99999999
0.99999999,0.914085341873145,0.934683858042023,0.82396107282617
0.835176049435138,0.99999999,0.99999999,0.958867647981867
0.779278848406066,0.817171640832336,0.89945992452609,0.819058017046446
0.940612790748513,0.874573398455559,0.894646092877251,0.889069653636403
0.99999999,0.744103349003387,0.99999999,0.837989875256092
0.943009054808765,0.99999999,0.872770201617918,0.989743494947637
0.494924952096843,0.538034128064344,0.850881172663861,0.897903266093659
0.399543529689579,0.863108081512987,0.99999999,0.932877551621476
0.99999999,0.849997187442743,0.801222383063006,0.985824707339974
0.99999999,0.99999999,0.99999999,0.853975997919855
0.99999999,0.99999999,0.99999999,0.952750745319956
0.725412216946904,0.829031287581114,0.99999999,0.882726842491392
0.871362384510822,0.919575667503879,0.99999999,0.788978708358269
0.99999999,0.801812311099597,0.981796604151304,0.983269247318548
0.99999999,0.778128187943214,0.990327895664773,0.891460756856573
0.99999999,0.503906369784348,0.708906881991443,0.988894610931868
0.99999999,0.99999999,0.895124043490738,0.904759055420503
0.902701455685009,0.617855603367645,0.884579498813798,0.970305216461919
0.99999999,0.935574091921849,0.99999999,0.736636049724146
0.901107505619116,0.99999999,0.808771324151044,0.854873306149323
0.99999999,0.845773738647841,0.848548272483057,0.978858281824815
0.513847697772101,0.945435409098689,0.924560436888281,0.934703826761476
0.659196145542429,0.849577583828796,0.792835129253369,0.837330153607878
0.556459897854535,0.99999999,0.432174187901196,0.99999999
0.972380873810183,0.780400929531397,0.99999999,0.981444685815314
0.99999999,0.923817042482616,0.782387840039342,0.960420063553519
0.99999999,0.98650838975342,0.890540885003972,0.827005048130419
0.439164571878377,0.954346849838699,0.614533034048545,0.99999999
0.99999999,0.71111102311345,0.831449581262233,0.862391287514457
0.553883207944664,0.910745602927718,0.99999999,0.944076507723356
0.99999999,0.857082112911166,0.93421121456114,0.843572804217046
0.99999999,0.741402676364018,0.99999999,0.884003369797559
0.514928059944074,0.739503191292274,0.804329315328494,0.900527476856955
0.448498543011902,0.99999999,0.848764446907862,0.877772490215234
0.99999999,0.746430891067861,0.925152887155119,0.780414232563118
0.99999999,0.782458540281555,0.822535947944518,0.863884150377536
0.929218473946557,0.672582609471259,0.997255795870195,0.922215899428547
0.635431852479586,0.737063455791809,0.842806135317095,0.770985989596349
0.510741437531365,0.930176752966516,0.99999999,0.875713892007625
0.790398216626561,0.727419688264425,0.822913244815394,0.878848990317028
0.413142687382767,0.99999999,0.736570854735889,0.696051784048159
0.99999999,0.872443031247275,0.99999999,0.843247412660461
0.950666987881382,0.741639740975361,0.959549636128737,0.987897475744113
0.99999999,0.99999999,0.831843461414621,0.934881092265096
0.830123598299322,0.503375131223266,0.754699511595148,0.763693703981383
0.964876798046227,0.957152444193045,0.872687517505147,0.855852013417242
0.84336944178795,0.99999999,0.869900878410167,0.956920749223867
0.99999999,0.779694695912293,0.614425060726366,0.694749497985187
0.687955897053996,0.698125576262346,0.941237303757435,0.904330827872748
0.851227775756265,0.811943499684335,0.908490880314969,0.819219331531666
0.833069819253903,0.922449024295669,0.878215854872356,0.799993076097395
0.820394477530462,0.757967531232104,0.791483640017682,0.969621067269617
0.578279300067119,0.865414132680576,0.822834370068627,0.913162414791128
0.45784149330768,0.744590697061695,0.99999999,0.905560437888647
0.850638409069253,0.99999999,0.89530490469294,0.99999999
0.941756763702319,0.862762948823224,0.99999999,0.768643604173358
0.637703711402066,0.902497076129537,0.716927351885756,0.791800376328113
0.668522858014441,0.99999999,0.99999999,0.86338366755185
0.61506665548918,0.662196994869322,0.876814631750955,0.929113805697294
0.637923662390683,0.645650969554266,0.882701737310153,0.803166059300975
0.71436340758287,0.671770738775621,0.759880194190278,0.968729054535245
0.99999999,0.816717480663357,0.804441437149294,0.719245724280569
0.99999999,0.99999999,0.834471715204885,0.818505543570627
0.488472935506976,0.99999999,0.837176394716185,0.787008509867404
0.402357887779233,0.954605476820733,0.925861632260362,0.828994146160897
0.99999999,0.812313257145254,0.887964079383475,0.851885429917628
0.99999999,0.783521094608027,0.99999999,0.946992605504249
0.456367704526723,0.95557396150493,0.949471777173262,0.851632552817592
0.693756542844853,0.929552758155391,0.826045426038234,0.913259961961877
0.374335777004933,0.634152862126582,0.960608799661282,0.889646710846911
0.784215482774878,0.711882929574437,0.82983724037738,0.847276560293539
0.349558835491263,0.99999999,0.889695570196297,0.99999999
0.842333276772139,0.957040263601747,0.900555169450498,0.964540318054857
0.99999999,0.806452233574411,0.732696290703157,0.879127417939609
0.571284774022887,0.750885556420163,0.99999999,0.92759422902883
0.601504398758127,0.925988021943564,0.96965512185728,0.952033224883342
0.99999999,0.624328191281797,0.956723885080881,0.841560024612216
0.620840354377166,0.784035382749483,0.881124862021109,0.945393094631569
0.946861952333854,0.675595963339067,0.99999999,0.988969067851569
0.772349804569923,0.91403603344054,0.99999999,0.84496218999619
0.99999999,0.912979860567213,0.879088570119321,0.868904381933945
0.664416535858283,0.99999999,0.731284513106151,0.808446473696436
0.989699990332254,0.550994778618021,0.938318190705056,0.966410049286577
0.99999999,0.619049291684835,0.92007497818371,0.910101530854057
0.99999999,0.750664820467612,0.936424040635223,0.912748366154919
0.603395912439071,0.827334758130507,0.753472793625707,0.963109587800131
0.99999999,0.708658637467808,0.982580493423938,0.822282332164674
0.791610971902412,0.948367804847796,0.882775149202669,0.847616627772218
0.820346986984878,0.83910056749277,0.964713518960913,0.99999999
0.255184880339787,0.653268508556314,0.869672415511231,0.777271365075146
0.409106252814478,0.99999999,0.809993993734597,0.916769540118975
0.940688767110999,0.925240900545925,0.929946446709674,0.778474128901017
0.99999999,0.771606680135833,0.888753586865405,0.900613386594249
0.897289149397808,0.974649823232157,0.84417083953407,0.891263281414862
0.99999999,0.934032861715133,0.947420803364728,0.814032104363249
0.946915463091945,0.908465601708667,0.99999999,0.843752777262183
0.99999999,0.569580070083116,0.754020922336735,0.899025094972987
0.915687691945598,0.99999999,0.708064830637099,0.94841046035392
0.85511996208843,0.960960478038362,0.856634979697401,0.778452778027113
0.780005190469887,0.762273911510539,0.874800821523784,0.944100645585194
0.957122962338482,0.681688270154545,0.99999999,0.925520476039169
0.99999999,0.572203528758085,0.700748259420612,0.966172442594495
0.820881356216136,0.7820167566471,0.825366566382697,0.960874644519272
0.976978337863828,0.695839143633426,0.723664712269742,0.873571409191944
0.798307643205135,0.728666180450614,0.839597735300804,0.994769102314957
0.99999999,0.99999999,0.940835572839491,0.934066698987484
0.7229695990057,0.853057952432978,0.782424949581895,0.871526666568758
0.967249071067595,0.872238000372976,0.819656274063747,0.927134540625228
0.99999999,0.799351177216906,0.859361770474689,0.857065997976594
0.751323291271344,0.774239712784396,0.895376779495683,0.774776180343313
0.847473215622738,0.637897201589825,0.99999999,0.960018421947333
0.864890724703009,0.855780385518735,0.907928422450193,0.98770007005763
0.825223375117929,0.928395039272565,0.99999999,0.921774872316671
0.954884270905364,0.684568788110039,0.726225821688724,0.95165616447599
0.612197133752215,0.895936646645623,0.814144855329013,0.94339976351523
0.682841638439746,0.652367973092507,0.985672868533967,0.707605995390213
0.975703480559688,0.959270490402157,0.910661834400055,0.781453020488092
0.887496761544541,0.666224849626699,0.729048164682853,0.796402327613221
0.969323228323942,0.821881094619984,0.735121975102661,0.99999999
0.46473442793759,0.762532530642861,0.952125357709966,0.885267566047366
0.870140489572708,0.65198803558358,0.894005095650452,0.903544446975107
0.830334521487209,0.663277231672866,0.824835054717159,0.881580551058604
0.99999999,0.883670351520395,0.99999999,0.870002880307308
0.922719671651649,0.811886151955117,0.732291442280642,0.886215688975672
0.99999999,0.613174224652148,0.852540744747626,0.930700055795186
0.99999999,0.99999999,0.927796034533496,0.870664962311418
0.54825020759601,0.99999999,0.852925464129333,0.99999999
0.663511090816122,0.99999999,0.959738966253871,0.86368102242564
0.99999999,0.552327968619653,0.853934338895605,0.818581136291107
0.536061600098653,0.80853695191902,0.985120277226588,0.931191360946723
0.773795950754177,0.993246085143365,0.689176972628926,0.86158811348977
0.321339842813447,0.84172599321073,0.890978654062083,0.928778835139229
0.99999999,0.842893592783861,0.743301160599936,0.99999999
0.995655818529787,0.971915420486165,0.99999999,0.837289222722042
0.694681905124074,0.99999999,0.786435235884324,0.813705522775942
0.673877511218102,0.584347128622277,0.909343228994936,0.900011999116768
0.99999999,0.819371675812834,0.861693140722924,0.964828216020817
0.665873916110341,0.608706470293141,0.99999999,0.850263139994217
0.361083608980821,0.857885121636716,0.776920266517694,0.99999999
0.99999999,0.906686795718752,0.99999999,0.898366771637938
0.922142559590579,0.624961069308812,0.967802594577033,0.893950664033831
0.206086105061801,0.63838638003851,0.997602392564297,0.99999999
0.99999999,0.929132616757445,0.818136842852721,0.917022814525791
0.687112798921674,0.99999999,0.879255751663827,0.798697359558833
0.777439580639928,0.692279399670148,0.671324985706023,0.901269607115
0.274348880077159,0.725412069648505,0.850204884273778,0.860919499697901
0.630319605117378,0.853114359186156,0.840273976124915,0.845775239589737
0.493066591600337,0.884688648832461,0.949303776809404,0.991638371753343
0.99999999,0.605010397296897,0.730828738827178,0.89092971922329
0.718470158253028,0.740738642815742,0.683885624829997,0.961644782789069
0.757342288423143,0.99999999,0.905856488466156,0.867910205503006
0.996208086222466,0.530026541058179,0.869597632502392,0.797746288610952
0.552766511389219,0.844532290210903,0.837431326541589,0.962783730052824
0.99999999,0.99999999,0.74187584797779,0.884041785786284
0.99999999,0.774393422182658,0.99999999,0.965897261746859
0.99999999,0.649224557918315,0.883288950329418,0.921273301809912
0.880388506442805,0.763223066115804,0.74957967967773,0.975725788769618
0.622745078182278,0.99999999,0.826209386343925,0.885433184110882
0.983566891847217,0.717303334902178,0.727907987084507,0.875920863608195
0.786936973438683,0.971873610452209,0.846727696017034,0.946509661952786
0.799436967967618,0.641461900668219,0.915077314133149,0.771170133859308
0.681622802566756,0.821520246463436,0.925770885221809,0.956618999148584
0.804229974619646,0.99999999,0.99999999,0.917404397118998
0.905154801190392,0.753203641900718,0.99999999,0.943421048108379
0.65793273663767,0.99999999,0.951573610668625,0.814062353747715
0.965879425382907,0.934592148471764,0.901698981659565,0.915628152105672
0.545153921999291,0.857999671192742,0.733608039850721,0.998969521344786
0.99999999,0.99999999,0.897648924350801,0.918333139729654
0.955802204639339,0.851189262739958,0.801020945114437,0.907993702028472
0.978653627543038,0.861625112682073,0.99999999,0.936836584277903
0.99999999,0.724603322123753,0.903492972145163,0.99999999
0.808620321168078,0.99999999,0.943077438503263,0.968933534091682
0.647118917621223,0.626001882816955,0.773814342987956,0.938539064614559
0.595950817298519,0.721363805435021,0.856605549526969,0.768360105775391
0.681946948741581,0.916432078283856,0.707840389810946,0.882458126552442
0.90976556137341,0.837973711475923,0.976266180155233,0.790179530773205
0.587079990220895,0.99999999,0.893321239820077,0.754911779816022
0.966788278802411,0.99999999,0.820893302064296,0.971683139165447
0.920962810977055,0.827141339138874,0.933821516701588,0.989400243195536
0.934688239728376,0.988410720638689,0.99999999,0.883439614823829
0.994578424655808,0.99999999,0.755517686546049,0.862511421745007
0.99999999,0.78429046734364,0.929627691061898,0.967370720962736
0.632172737766526,0.974645520946205,0.9478466017528,0.91556587624722
0.99999999,0.828675181553989,0.947470100407094,0.874343842832226
0.99999999,0.934043229193659,0.99999999,0.93961750032645
0.99999999,0.752106552483702,0.745143163398734,0.851368084265638
0.99999999,0.959226808007223,0.722626588400452,0.913315021661224
0.628412719607661,0.798248799597408,0.99999999,0.896018585970009
0.346490244835268,0.885720869357306,0.788238551536424,0.833572990127198
0.804228285148047,0.99999999,0.96853397265239,0.988693093751613
0.881514188221267,0.946904550777807,0.881998250746388,0.896374755286707
0.688564061553511,0.684556549910474,0.90904113253731,0.99999999
0.993415928582995,0.99999999,0.976756155756603,0.939233455530026
0.736255671205927,0.613095311668585,0.865308352452827,0.99999999
0.858711244111173,0.816342811836553,0.990914669571032,0.99999999
0.888193832096445,0.99999999,0.839993715287617,0.836434054038952
0.99999999,0.867921368613625,0.952291511376476,0.977218957710262
0.579904829801223,0.87194217694384,0.900495616272732,0.946719584366057
0.970537393065772,0.799661900187692,0.886150217551973,0.923798696325854
0.99999999,0.544597784682171,0.809206237517336,0.753908584683351
0.889124083674787,0.841164320816343,0.809640453372531,0.90430920187254
0.621149869374549,0.832665588584411,0.952986550585938,0.977938041913763
0.706926113647704,0.821566786723056,0.99999999,0.99999999
0.596624959187521,0.793427353089089,0.965475906846555,0.773723191144752
0.711292454203932,0.984510103464653,0.99999999,0.832583380702079
0.887384148426817,0.4981078842147,0.808876491906615,0.928733591198246
0.724347930705466,0.895388542163397,0.99999999,0.919440216408537
0.99999999,0.788411230381256,0.775576563431196,0.86934023093137
0.798649768235689,0.99999999,0.988108119970464,0.77133027667099
0.824672723472192,0.815818025523368,0.917719502899215,0.996165721783671
0.99999999,0.897678185728225,0.878361724893473,0.930824066124324
0.928512477733218,0.812898091025348,0.795186247935924,0.85338126062931
0.980636529659045,0.877640098965482,0.859991134671515,0.777085770508099
0.998090966595234,0.99999999,0.852180677457862,0.910991153805069
0.99999999,0.736447302179481,0.765805986540341,0.825299754731287
0.908342621092103,0.692656428163206,0.820967159029684,0.99999999
0.834072445643309,0.942189213745278,0.965456404746934,0.8931924236653
0.99999999,0.99999999,0.969999560904396,0.99999999
0.99999999,0.971677674432435,0.99999999,0.917945425777242
0.99999999,0.933783894754042,0.929950880109619,0.904872629379438
0.897599107509581,0.99999999,0.952891019270555,0.831110185750971
0.931675708390533,0.805675923214735,0.91975927196877,0.79059163811696
0.99999999,0.99999999,0.874357949355313,0.984144022432577
0.879810273462612,0.821198337154897,0.996403985902939,0.816268936471172
0.982647646399738,0.62236064194871,0.916436192343303,0.99999999
0.915726243877469,0.672034884788255,0.913661876725531,0.98211224216229
0.50766569401231,0.844613550112198,0.99999999,0.970220578034424
0.614723630661006,0.813929862607273,0.99999999,0.914212107231232
0.99999999,0.794816759321668,0.781700000865581,0.818196156824006
0.778555758666115,0.527111703548161,0.853636186400029,0.99999999
0.99999999,0.99999999,0.903368507129289,0.973731574709043
0.790822682152218,0.816102346595959,0.935539695515234,0.880092982444989
0.745076113786386,0.881246409276066,0.900098494342284,0.808924473152605
0.814927736158313,0.99999999,0.938954843577746,0.80685374168441
0.740556158077861,0.832960073333386,0.846422168744662,0.949042535977003
0.99999999,0.895337325713289,0.824553870139618,0.995905350465684
0.743741784714516,0.99999999,0.947272582068638,0.873591245381886
0.670306444410527,0.866711875842415,0.890543286510119,0.850659886089215
0.374907489158059,0.755415453569789,0.99999999,0.959008820994621
0.989248075265795,0.527319919401626,0.99999999,0.862795872857683
0.973948737259063,0.737008590235759,0.808766511139832,0.913472450283727
0.99999999,0.71042994435197,0.908465295968784,0.784663512164732
0.891838822323071,0.99999999,0.969160988520569,0.916610184180715
0.99999999,0.808568660556809,0.838896038461125,0.781101321906667
0.649145562658441,0.99999999,0.872714164038038,0.938812971515187
0.861250982904659,0.99999999,0.987973928446926,0.858418497498247
0.768276814895549,0.787252673697297,0.937358458160358,0.947672896048329
0.889429611888084,0.825729664731426,0.793841294806012,0.997132832239082
0.620932157464272,0.99999999,0.99999999,0.888450608079182
0.839246346182008,0.960722790508926,0.99999999,0.865819974775486
0.900220138489987,0.880215849269796,0.779428092911332,0.933231565123938
0.729389996818558,0.722558629549031,0.99999999,0.8687439745176
0.35912180283686,0.99999999,0.891410894275141,0.969772547932943
0.863795298819572,0.891475379649474,0.959439904472154,0.99999999
0.99999999,0.99999999,0.904201771690261,0.896010409001202
0.571901815555212,0.92051723846455,0.755239661916679,0.806620774532199
0.597446673172513,0.678660957553827,0.796531933438088,0.909765473900016
0.99999999,0.99999999,0.93114786210982,0.893186344506792
0.868398861389266,0.899591961106198,0.928084446961552,0.911960790912987
0.99999999,0.99999999,0.865849379840844,0.762405944264793
0.99999999,0.994734999445153,0.821961716155806,0.927570124741707
0.980589444507347,0.99999999,0.887205458787606,0.760684145526964
0.813094222104651,0.765526447176359,0.624853106812955,0.927898626625323
0.692017798487254,0.713668549319587,0.682208139330465,0.82126833276124
0.484430151216168,0.99999999,0.985479726699589,0.850100395229515
0.177219033658996,0.696855222542697,0.939039543419458,0.825187879401959
0.708194481264688,0.99999999,0.99999999,0.855368451037558
0.99999999,0.69121686022428,0.73510780020507,0.90975617487626
0.99999999,0.99999999,0.99999999,0.93958332163133
0.714360612825677,0.780853222162809,0.768089644326557,0.83429344053696
0.408907167966465,0.99999999,0.89719798070439,0.873170587806121
0.294118310512464,0.969777405700059,0.7466034443458,0.973401377627786
0.99999999,0.82295425088098,0.979481451605009,0.99999999
0.99999999,0.825937969561681,0.774992199570436,0.874662891508424
0.995599883858124,0.75324144967567,0.971505539656706,0.873340857377941
0.808490500536667,0.563384155454379,0.843923484281963,0.87477428194988
0.99999999,0.748250293682512,0.79117470887874,0.879397182135129
0.783542532201369,0.99999999,0.99999999,0.921377227338646
0.990864375449574,0.647207424483654,0.99999999,0.953947227672584
0.982797966525871,0.855867068072736,0.92165684687308,0.99999999
0.404810616624641,0.99999999,0.666634097604471,0.99999999
0.885966398311984,0.693793146343235,0.849657626945461,0.842781297710682
0.99999999,0.99999999,0.848351799735014,0.907812381092614
0.71152414916267,0.986844744041709,0.978305609445677,0.945792635218969
0.99999999,0.627901390891869,0.896635445124383,0.9256853474641
0.99999999,0.939022745047867,0.856741466267714,0.883680255695483
0.455019144536495,0.907072945510044,0.706738015584069,0.894162910364119
0.508264142129182,0.702242063952218,0.692486916657431,0.948524946544776
0.99999999,0.961915431455539,0.757923134498423,0.99999999
0.759971402862014,0.937727353496283,0.966134514040936,0.918160962784947
0.685667040874143,0.789807112319842,0.985481795316059,0.917133688944068
0.777802761703442,0.879031069150911,0.722520056959283,0.877556645278853
0.499604239794326,0.854845868725434,0.633419583508926,0.894892253357828
0.248255277017639,0.642945627951534,0.828014052666415,0.903879283611253
0.842376187430906,0.886767280345177,0.99999999,0.964378354139701
0.765429743075377,0.814436558400095,0.825647934508743,0.992144881847018
0.757530496389319,0.99999999,0.965004449213414,0.771399731505735
0.855094483066507,0.99999999,0.820837365123169,0.844247266007442
0.99999999,0.99999999,0.95527944975206,0.88762765170371
0.513348252968031,0.857816943795786,0.858996004491074,0.891436590457553
0.922522335438036,0.772634742435887,0.915336862057062,0.854012239249778
0.885532671243718,0.702924568318709,0.944314304673288,0.99999999
0.99999999,0.99999999,0.790843825321795,0.910479550253687
0.698169207436313,0.741575652885107,0.99999999,0.833059147019339
0.99999999,0.924673113967612,0.834146538866215,0.935690706579723
0.63944709759819,0.921583750490921,0.769787461184536,0.841955959088342
0.99999999,0.899573293716142,0.957957062261618,0.948497545820002
0.826592745923409,0.898654679722037,0.815651225104541,0.781531172442843
0.740136334730869,0.751653820645651,0.879155883941987,0.903544110234487
0.825380566396008,0.88986822276797,0.82923573301598,0.919237283483855
0.362646452690695,0.846942687847625,0.894763543257916,0.945381773750415
0.99999999,0.99999999,0.864553556818042,0.883187320922543
0.913317167073594,0.862849432335682,0.754838970237047,0.971536442344889
0.99999999,0.902180334516964,0.948900122798993,0.855580935687819
0.830314542877073,0.911133960902059,0.970796668687613,0.985237320814306
0.471273062586733,0.665313338542236,0.896012924982716,0.872248507725508
0.882713492199491,0.770886987989987,0.983805168853495,0.915790133814476
0.826994894021655,0.759213537483155,0.903187799258278,0.910376574784179
0.712964607432463,0.99999999,0.823130683114528,0.949728012796617
0.590680394004151,0.737338616835713,0.95935473284257,0.757203544154097
0.882826608731225,0.745492756781809,0.99999999,0.93961656988962
0.99999999,0.973492467314252,0.99999999,0.900040442730299
0.9058836204666,0.864576431026627,0.677628768599925,0.855375503096415
0.99999999,0.99999999,0.957156960482143,0.89674505576334
0.555417558928903,0.682844740203802,0.926161387364916,0.938860694251364
0.99999999,0.861471361156273,0.99999999,0.90995759326684
0.503989267253558,0.999632481119256,0.940814234617298,0.973556220380838
0.609827300310948,0.754842736259571,0.99999999,0.99999999
0.99999999,0.99999999,0.866621447614866,0.911550264591753
0.504239198869235,0.936715409066797,0.990405780406295,0.87039333071502
0.99999999,0.733065061868144,0.99999999,0.830345060811727
0.99999999,0.99999999,0.848840111906585,0.770454212365727
0.694551780730676,0.9801732661644,0.861814381091694,0.895473944986686
0.85220124629397,0.858088138950217,0.87919695326184,0.99999999
0.741943753707603,0.929087676921174,0.82484068625634,0.86468389406453
0.0982620219204342,0.790335152899139,0.886624415967165,0.8655471086438
0.347793157663582,0.698113161729191,0.681692996392073,0.941257728447605
0.828225104754963,0.99999999,0.939598417502866,0.875142600197849
0.930130894335516,0.99999999,0.875859440221231,0.946479466986663
0.99999999,0.99999999,0.783664562427926,0.881569046405024
0.99999999,0.672687413352685,0.99999999,0.964803757370213
0.99999999,0.99999999,0.712490793608637,0.848483146522652
0.488021812576381,0.823482216937689,0.851348010489967,0.934356989795684
0.99999999,0.99999999,0.758339533538926,0.836727636141521
0.99999999,0.99999999,0.9237490594255,0.853286582828968
0.598315864847901,0.879044135010127,0.890715523063036,0.845860382810497
0.99999999,0.933326891316316,0.99999999,0.898015696108079
0.99999999,0.976153772120758,0.795665289197757,0.8674148613974
0.99999999,0.872370212806417,0.827916743107222,0.868940847195695
0.845262693096943,0.669348699429701,0.713823941715465,0.99999999
0.663855383849731,0.99999999,0.835261616560366,0.930677793950401
0.741297421141904,0.837922305895197,0.802693684666862,0.991675681547661
0.876928539658489,0.99999999,0.99999999,0.90799317208918
0.652451911337566,0.654307600803456,0.934745719886113,0.894334639005086
0.948480113948034,0.907460227627149,0.941154561115616,0.944599602647065
0.521241705387531,0.751342931686023,0.996117000484513,0.914177391196629
0.645634167817118,0.99999999,0.99999999,0.883934670764879
0.724497993984682,0.910163838073184,0.99999999,0.862729836151831
0.809129872727541,0.99999999,0.99999999,0.701289221822212
0.976911274266685,0.805320129897527,0.794176291547846,0.850971228417819
0.886565866990092,0.759237339584818,0.676555957749539,0.842104898276166
0.778995705269674,0.773711940159888,0.812893682009732,0.891401496852685
0.99187899272614,0.978882074898914,0.736838250571326,0.87056956725698
0.99999999,0.98061212610347,0.99999999,0.965598579687899
0.612986358935876,0.850401015723608,0.929068421229849,0.940017954298877
0.99999999,0.607255363340893,0.735498557885363,0.784082379379416
0.979725376238434,0.802975567544912,0.820647819606226,0.99999999
0.718747176381907,0.795606315812771,0.997219763553243,0.908907718632578
0.99999999,0.861974291497982,0.99999999,0.921755423658943
0.629015615026701,0.927181348883063,0.997588558941884,0.750421581249127
0.99999999,0.723454191367184,0.787413915947754,0.92807571502033
0.766690868393381,0.946829689125792,0.794797281545138,0.785854115377049
0.99999999,0.99999999,0.909713736658593,0.99999999
0.99999999,0.579678346730869,0.99999999,0.936163315384547
0.674780292218309,0.754309154272806,0.680160466767201,0.955886440206504
0.775773414536648,0.99999999,0.789466561053455,0.857049631256221
0.882082870230388,0.801137669180108,0.998456282270024,0.976761811188298
0.519001368490751,0.591159728824749,0.899600826902718,0.814842259818563
0.940410097227947,0.823135289389489,0.99999999,0.942935752993174
0.99999999,0.923413444966173,0.99999999,0.856494801092056
0.573895412882839,0.681187887547058,0.797706288637404,0.862823215416242
0.471479178015209,0.945253497212355,0.88634122107936,0.906091360745228
0.639616938141777,0.611493846087123,0.99999999,0.918507138762329
0.705160607599971,0.792098992666182,0.940293777093487,0.8622690573764
0.697620955158776,0.876211029643786,0.951606979038193,0.848662300500242
0.99999999,0.850460185549479,0.971975099201516,0.777990862185425
0.99999999,0.895073976823065,0.769331204838807,0.915278994115195
0.283541378072863,0.919162398152806,0.955183304244518,0.834946355233281
0.650827814937424,0.99999999,0.942981074029625,0.750632405938366
0.343213127549833,0.99999999,0.887647448607407,0.890699408204695
0.904525143872611,0.815430050895225,0.99999999,0.955354178343972
0.99999999,0.99999999,0.73904802034495,0.930762208840809
0.546110772829329,0.99999999,0.817966432059213,0.847483580803662
0.99999999,0.770205364513665,0.88381475911853,0.906207131181897
0.522196209724196,0.880578578580707,0.925171037816428,0.840581764337948
0.917743272269612,0.906181228196849,0.99999999,0.870012197304009
0.903411453646242,0.702422603190116,0.843395509325994,0.982662745649553
0.791726308085083,0.99999999,0.644424086844286,0.952263173761341
0.800646947219026,0.765443035873086,0.99999999,0.88385343428897
0.962659948767081,0.99653412635032,0.863461013719183,0.923816819659184
0.794447744301498,0.99999999,0.912346370892521,0.920091149146031
0.780106429585838,0.86452893382716,0.892643840784831,0.971794769553299
